{
	"title": "WELCOME TO DRAWTASTIC",
	"creatGameButton": "CREATE GAME",
	"joinGameButton": "JOIN GAME",
	"createYourGameTitle": "CREATE YOUR GAME",
	"addWord": "Type your word here...",
	"question": "Question",
	"changeLanguage": "https://static8.depositphotos.com/1518767/1030/i/600/depositphotos_10307315-stock-photo-swedish-flag.jpg",
	"gameID": "GAME ID",
	"playerName": "YOUR NAME",
	"enterGameButton": "ENTER GAME",
	"homeButton": "HOME",
	"scoreBoardTitle": "LEADERBOARD",
	"exitButton": "EXIT GAME",
	"restartButton": "RESTART",
	"nextStepButton": "NEXT STEP",
	"waitingForHost": "WAITING FOR HOST TO START GAME...",
	"amountOfPlayers": "PEOPLE HAS JOINED",
	"startGameButton": "START GAME",
	"editGameButton": "EDIT GAME",
	"addWordBtn": "ADD WORD",
	"guess": "GUESS",
	"guessTitle": "WHAT IS DRAWN?",
	"draw": "DRAW:",
	"resultBoardTitle": "RESULT",
	"guessHere": "Guess here...",
	"timeLeft": "TIME LEFT:",
	"endGame": "END GAME",
	"playerInfo": "PLAYER INFORMATION",
	"playerInfoText": "THE GAME IS ABOUT DRAWING AND GUESSING! POINTS ARE GAINED FROM TIME REMAINING, THE ONE WITH THE HIGHEST POINTS WINS!",
	"nextBtnInfo": "ARE YOU SURE YOU WANT TO CONTINUE? AFTER THIS STEP, YOUR GAME CANNOT BE EDITED ANYMORE.",
	"yesBtn":"YES",
	"noBtn":"NO",
	"rightGuess": "RIGHT ANSWER:",
	"theWinnerIs": "THE MOST DRAWTASTIC PLAYERS ARE...",
	"timerScoreComp": "NEXT ROUND STARTS IN: ",
	"chooseEmojiText": "CHOOSE AN EMOJI BEFORE YOU CONTINUE",
	"chooseEmoji": "CHOOSE EMOJI",
	"gameRulesTitle": "GAME RULES",
	"gameRules1":"1. YOU CREATE A GAME BY WRITING IN WORDS WHICH WILL LATER BE DRAWN BY DIFFERENT PLAYERS. ONCE YOU ARE SATISFIED WITH YOUR CHOICE OF WORDS, THE GAME WILL BE GIVEN A GAME ID. SHARE THE GAME ID WITH EVERYONE WHO WANT TO PARTICIPATE IN YOUR GAME.",
	"gameRules2": "2. ONCE EVERYONE HAS JOINED THE GAME, YOU WHO CREATED THE GAME CAN START IT!",
	"gameRules3":"3. ONE PLAYER PER ROUND WILL GET TO DRAW ONE OF THE WORDS THAT APPEAR. ALL THE OTHERS MUST THEN GUESS AS FAST AS POSSIBLE WHICH WORD IS DRAWN.",
	"gameRules4": "4. POINTS ARE AWARDED BASED ON TIME REMAINING, THE PLAYER WITH THE HIGHEST POINTS WHEN ALL ROUNDS ARE DONE WINS!"
}