{
	"title": "VÄLKOMMEN TILL DRAWTASTIC",
	"creatGameButton": "SKAPA SPEL",
	"joinGameButton": "GÅ MED I SPEL",
	"createYourGameTitle": "SKAPA DITT SPEL",
	"addWord": "Skriv ditt ord här...",
	"question": "Fråga",
	"gameID": "SPEL ID",
	"playerName": "DITT NAMN",
	"enterGameButton": "ANSLUT",
	"changeLanguage": "https://upload.wikimedia.org/wikipedia/en/thumb/a/ae/Flag_of_the_United_Kingdom.svg/640px-Flag_of_the_United_Kingdom.svg.png",
	"homeButton": "TILLBAKA",
	"scoreBoarsTitle": "POÄNGSTÄLLNING",
	"exitButton": "LÄMNA SPEL",
	"restartButton": "OMSTART",
	"nextStepButton": "NÄSTA STEG",
	"waitingForHost": "VÄNTAR PÅ ATT SPELET SKA STARTA...",
	"amountOfPlayers": "SPELARE HAR ANSLUTIT",
	"startGameButton": "STARTA SPEL",
	"editGameButton": "REDIGERA SPEL",
	"addWordBtn": "LÄGG TILL ORD",
	"guess": "GISSA",
	"draw": "RITA:",
	"guessTitle": "VAD RITAS?",
	"resultBoardTitle": "RESULTAT",
	"guessHere": "Gissa här...",
	"timeLeft": "TID KVAR:",
	"endGame": "STÄNG SPEL",
	"playerInfo": "SPELINFORMATION",
	"playerInfoText": "SPELET GÅR UT PÅ ATT RITA OCH GISSA! POÄNG FÅR UTIFRÅN KVARVARANDE TID, DEN MED HÖGST POÄNG VINNER!",
	"nextBtnInfo": "ÄR DU SÄKER PÅ ATT DU VILL GÅ VIDARE? EFTER DETTA STEG GÅR DET INTE ATT REDIGERA DITT SPEL LÄNGRE.",
	"yesBtn":"JA",
	"noBtn":"NEJ",
	"rightGuess": "RÄTT SVAR:",
	"theWinnerIs": "DE MEST DRAWTASTISKA SPELARNA ÄR...",
	"scoreBoardTitle": "POÄNGSTÄLLNING",
	"gameRulesTitle": "SPELREGLER",
	"gameRules1":"1. DU SKAPAR ETT SPEL GENOM ATT SKRIVA I ORD SOM SENARE SKA RITAS AV OLIKA MEDSPELARE. NÄR DU ÄR NÖJD MED VAL AV ORD, KOMMER SPELET FÅ ETT SPEL ID. DELA SPEL ID MED ALLA SOM VILL SKA DELTA I DITT SPEL.",
	"gameRules2": "2. NÄR ALLA HAR ANSLUTIT TILL SPELET, KAN DU SOM SKAPAT SPELET STARTA IGÅNG DET!",
	"gameRules3":"3. EN SPELARE PER OMGÅNG KOMMER FÅ RITA ETT AV ORDEN SOM DYKER UPP. ALLA ANDRA SKA DÅ GISSA SÅ SNABBT SOM MÖJLIGT VILKET ORD SOM RITAS.",
	"gameRules4": "4. POÄNG UTDELAS UTIFRÅN KVARVARANDE TID, DEN SPELAREN MED HÖGST POÄNG NÄR ALLA OMGÅNGAR ÄR GJORDA VINNER!",
	"timerScoreComp": "NÄSTA RUNDA STARTAR OM: ",
	"chooseEmojiText": "VÄLJ EN EMOJI INNAN DU GÅR VIDARE",
	"chooseEmoji": "VÄLJ EMOJI"
}